Chrom	Position	Ref	Var	Cons:Cov:Reads1:Reads2:Freq:P-value	StrandFilter:R1+:R1-:R2+:R2-:pval	SamplesRef	SamplesHet	SamplesHom	SamplesNC	Cons:Cov:Reads1:Reads2:Freq:P-value
Puerto	31	C	-A	*/-A:13724:13705:2:0.01%:3.685E-3	Pass:1.0:13702:3:2:0:9.9956E-1	0	1	0	0	*/-A:13724:13705:2:0.01%:3.685E-3
Puerto	70	A	+G	*/+G:13877:13810:31:0.22%:4.7519E-3	Pass:1.0:13808:2:31:0:9.9553E-1	0	1	0	0	*/+G:13877:13810:31:0.22%:4.7519E-3
Puerto	72	G	+T	+T/+T:13877:155:13658:98.42%:0E0	Pass:0.9999267828378972:154:1:13657:1:2.2318E-2	0	0	1	0	+T/+T:13877:155:13658:98.42%:0E0
Puerto	74	T	+A	*/+A:13880:13853:2:0.01%:3.6851E-3	Pass:1.0:13852:1:2:0:9.9986E-1	0	1	0	0	*/+A:13880:13853:2:0.01%:3.6851E-3
Puerto	118	C	+A	*/+A:13868:12593:1177:8.49%:0E0	Pass:1.0:12591:2:1177:0:8.3635E-1	0	1	0	0	*/+A:13868:12593:1177:8.49%:0E0
Puerto	157	T	-A	*/-A:13851:13553:130:0.94%:7.4164E-26	Pass:1.0:13551:2:130:0:9.8109E-1	0	1	0	0	*/-A:13851:13553:130:0.94%:7.4164E-26
Puerto	233	G	-C	*/-C:13506:13282:102:0.76%:1.1596E-18	Pass:1.0:13279:3:102:0:9.7731E-1	0	1	0	0	*/-C:13506:13282:102:0.76%:1.1596E-18
Puerto	263	C	+T	*/+T:23593:22647:597:2.53%:2.8458E-147	Pass:11614:11033:277:320:1E0	0	1	0	0	*/+T:23593:22647:597:2.53%:2.8458E-147
Puerto	326	G	+A	*/+A:13841:13145:341:2.46%:6.651E-85	Pass:0.005865102639296188:6:13139:2:339:1.6138E-2	0	1	0	0	*/+A:13841:13145:341:2.46%:6.651E-85
Puerto	520	G	+A	*/+A:11285:11139:103:0.91%:2.8681E-20	Pass:1.0:11129:10:103:0:9.1203E-1	0	1	0	0	*/+A:11285:11139:103:0.91%:2.8681E-20
Puerto	722	C	+A	*/+A:15472:14214:1070:6.92%:3.7123E-302	Pass:3997:10217:161:909:1E0	0	1	0	0	*/+A:15472:14214:1070:6.92%:3.7123E-302
Puerto	927	C	+A	*/+A:4119:4033:46:1.12%:2.0053E-10	Pass:0.0:7:4026:0:46:9.2363E-1	0	1	0	0	*/+A:4119:4033:46:1.12%:2.0053E-10
Puerto	1568	C	-T	*/-T:16258:15991:164:1.01%:1.5026E-32	Pass:0.0:1051:14940:0:164:1.526E-5	0	1	0	0	*/-T:16258:15991:164:1.01%:1.5026E-32
Puerto	1727	C	+A	*/+A:1024:1004:10:0.98%:5.7539E-3	Pass:1.0:999:5:10:0:9.5156E-1	0	1	0	0	*/+A:1024:1004:10:0.98%:5.7539E-3
Puerto	1816	C	+A	*/+A:1449:1412:13:0.9%:8.9424E-4	Pass:0.0:397:1015:0:13:1.403E-2	0	1	0	0	*/+A:1449:1412:13:0.9%:8.9424E-4
Puerto	1935	G	+A	*/+A:34545:34280:186:0.54%:6.1789E-27	Pass:1.0:33214:1066:186:0:2.8523E-3	0	1	0	0	*/+A:34545:34280:186:0.54%:6.1789E-27
Puerto	2044	G	-GA	*/-GA:62128:61044:729:1.17%:2.8365E-147	Pass:32993:28051:406:323:1E0	0	1	0	0	*/-GA:62128:61044:729:1.17%:2.8365E-147
Puerto	2494	T	-G	*/-G:15606:15497:38:0.24%:1.0858E-3	Pass:0.07894736842105263:2859:12638:3:35:6.1965E-2	0	1	0	0	*/-G:15606:15497:38:0.24%:1.0858E-3
Puerto	3794	C	-A	*/-A:22056:21326:493:2.24%:1.6285E-119	Pass:1.0:21302:24:493:0:5.7765E-1	0	1	0	0	*/-A:22056:21326:493:2.24%:1.6285E-119
Puerto	3888	C	+A	*/+A:41077:39277:828:2.02%:1.8312E-194	Pass:19054:20223:384:444:1E0	0	1	0	0	*/+A:41077:39277:828:2.02%:1.8312E-194
Puerto	4651	T	-A	*/-A:27948:27401:320:1.15%:2.2089E-65	Pass:17373:10028:42:278:1E0	0	1	0	0	*/-A:27948:27401:320:1.15%:2.2089E-65
Puerto	4802	G	-A	*/-A:17357:17013:275:1.58%:7.2578E-62	Pass:0.0:13:17000:0:275:8.1178E-1	0	1	0	0	*/-A:17357:17013:275:1.58%:7.2578E-62
Puerto	5587	C	+A	*/+A:12344:12267:28:0.23%:8.2512E-3	Pass:0.0:1593:10674:0:28:2.0447E-2	0	1	0	0	*/+A:12344:12267:28:0.23%:8.2512E-3
Puerto	5752	G	-A	*/-A:29264:29058:87:0.3%:3.1437E-8	Pass:1.0:27423:1635:87:0:6.5356E-3	0	1	0	0	*/-A:29264:29058:87:0.3%:3.1437E-8
Puerto	5768	G	-C	*/-C:29400:28398:766:2.61%:3.8898E-189	Pass:1.0:26754:1644:766:0:2.7064E-20	0	1	0	0	*/-C:29400:28398:766:2.61%:3.8898E-189
Puerto	6698	A	-G	*/-G:24989:24707:254:1.02%:3.518E-50	Pass:1.0:24681:26:254:0:7.6639E-1	0	1	0	0	*/-G:24989:24707:254:1.02%:3.518E-50
Puerto	6834	G	+A	*/+A:25094:24854:126:0.5%:3.0149E-18	Pass:0.9920634920634921:24640:214:125:1:6.6442E-1	0	1	0	0	*/+A:25094:24854:126:0.5%:3.0149E-18
Puerto	6840	C	-A	*/-A:25118:24821:187:0.74%:2.866E-32	Pass:0.9946524064171123:24570:251:186:1:8.5059E-1	0	1	0	0	*/-A:25118:24821:187:0.74%:2.866E-32
Puerto	7157	C	+A	*/+A:6778:6586:104:1.53%:1.2219E-24	Pass:1.0:6549:37:104:0:5.5918E-1	0	1	0	0	*/+A:6778:6586:104:1.53%:1.2219E-24
Puerto	7254	A	-T	*/-T:122001:120633:1032:0.85%:9.1392E-182	Pass:0.999031007751938:113624:7009:1031:1:1.2489E-25	0	1	0	0	*/-T:122001:120633:1032:0.85%:9.1392E-182
Puerto	7412	G	-GA	*/-GA:121384:118454:1925:1.59%:0E0	Pass:0.9984415584415585:111056:7398:1922:3:1.1649E-48	0	1	0	0	*/-GA:121384:118454:1925:1.59%:0E0
Puerto	7685	G	-A	*/-A:124393:123762:240:0.19%:5.911E-10	Pass:0.0:9311:114451:0:240:7.1778E-9	0	1	0	0	*/-A:124393:123762:240:0.19%:5.911E-10
Puerto	8184	G	+A	*/+A:3623:3480:102:2.82%:2.3925E-27	Pass:2627:853:76:26:1E0	0	1	0	0	*/+A:3623:3480:102:2.82%:2.3925E-27
Puerto	8273	T	-G	*/-G:3513:3485:18:0.51%:7.3347E-4	Pass:2626:859:4:14:1E0	0	1	0	0	*/-G:3513:3485:18:0.51%:7.3347E-4
Puerto	9395	C	+A	*/+A:14762:13910:760:5.15%:1.7222E-208	Pass:7288:6622:320:440:1E0	0	1	0	0	*/+A:14762:13910:760:5.15%:1.7222E-208
